model,task,rmse,mae,r2,bias,f1_weighted,interval_coverage_90,f1_macro
LinearTrend,regression,20.64192615624062,17.839020935917283,-0.04689715978480247,5.024730121766925,,,
SARIMA,regression,8.150817827672912,4.376442966242161,0.8367677545994783,1.9246337765799149,,,
Rule,binary-classification,,,,,0.815621429051556,,
RandomForest,regression,5.0110138727680456,3.2157829695525644,0.9383043148545209,1.0685948785840271,,0.8402777777777778,
XGBoost,regression,5.515483788092374,3.623851903136975,0.9252569516746542,1.503616222533786,,0.9027777777777778,
AridityZoneClassifier,classification,,,,,0.90969244821799,,0.87069331081715
