model,task,rmse,mae,r2,bias,f1_weighted,interval_coverage_90,f1_macro
LinearTrend,regression,20.64192615624062,17.839020935917283,-0.04689715978480247,5.024730121766925,,,
SARIMA,regression,8.150815787937665,4.376442399343963,0.83676783629693,1.9246334159324456,,,
Rule,binary-classification,,,,,0.815621429051556,,
RandomForest,regression,4.996237466843256,3.2137542236553025,0.9386676330948713,1.0520342205929811,,0.8402777777777778,
XGBoost,regression,5.754979697247345,3.842848083100041,0.9186249678654138,1.8023417307971725,,0.9027777777777778,
AridityZoneClassifier,classification,,,,,0.90969244821799,,0.87069331081715
