{
  "RandomForest": {
    "r2": 0.9383043148545209,
    "rmse": 5.0110138727680456,
    "interval_coverage_90": 0.8402777777777778,
    "pass": true
  },
  "XGBoost": {
    "r2": 0.9252569516746542,
    "rmse": 5.515483788092374,
    "interval_coverage_90": 0.9027777777777778,
    "pass": true
  },
  "AridityZoneClassifier": {
    "f1_weighted": 0.90969244821799,
    "f1_macro": 0.87069331081715,
    "pass": true
  },
  "overall_pass": true,
  "retrain_recommended": false
}