station,n,mean,std,mae
Ammik,36,-1.0374813896163275,5.560579551299931,3.427702517356793
Doures,36,-0.18887720679360095,4.463289682619181,2.8379257985621824
Ras_Baalbeck,36,-1.880754328301636,3.6314799888355185,2.851640342102789
Tal_Amara,36,-1.167266589624544,5.753136682076068,3.745863220188492
