year,n,mean,std,mae
2023,48,-1.031795982699976,5.192828755467738,3.3502891371254386
2024,48,-1.4471682040927398,4.770993998045239,3.093816373591931
2025,48,-0.6771384749862275,4.801903234366326,3.197157160248537
