year,n,mean,std,mae
2023,48,-0.9121903511617262,5.062479723820816,3.217047045803373
2024,48,-1.3047233617951128,4.96956972092981,3.144882403948133
2025,48,-0.5360162822881683,4.690780874989395,3.1383151062384584
