station,n,mean,std,mae
Ammik,36,-0.7247784397602727,5.723393859792453,3.441850631916184
Doures,36,-0.17776419902638432,4.529886105264293,2.797498108962615
Ras_Baalbeck,36,-1.76333504203172,3.5644641648263544,2.8522309963933177
Tal_Amara,36,-1.0046956461749663,5.495923940701154,3.575413004047837
