year,n,mean,std,mae
2023,48,-0.9121903511617253,5.0624797238208155,3.2170470458033726
2024,48,-1.304723361795113,4.969569720929811,3.1448824039481345
2025,48,-0.536016282288168,4.690780874989396,3.138315106238459
