station,n,mean,std,mae
Ammik,36,-0.724778439760273,5.723393859792454,3.4418506319161852
Doures,36,-0.17776419902638332,4.529886105264295,2.797498108962616
Ras_Baalbeck,36,-1.7633350420317195,3.564464164826354,2.8522309963933172
Tal_Amara,36,-1.0046956461749657,5.4959239407011555,3.5754130040478365
