year,n,mean,std,mae
2023,48,-1.0416703761912307,5.219046312636123,3.3590276416099925
2024,48,-1.4620368581002843,4.784524516780729,3.092020400868831
2025,48,-0.7020774014605666,4.796753869813,3.1963008661788677
