station,n,mean,std,mae
Ammik,36,-1.0059793014937184,5.554199795594812,3.443022293714819
Doures,36,-0.16868578420780656,4.432063390905934,2.8278811707794884
Ras_Baalbeck,36,-1.8851303258992094,3.6342444017192794,2.8549158326339725
Tal_Amara,36,-1.1483414707711903,5.737643565942166,3.7291975974929295
