feature,mean_abs_shap
month_cos,10.81576672281007
dm_lag1,8.18384270242649
precip_lag1,1.9002769435962215
precip_roll12,1.4199410293289851
spi6_lag1,1.2208710766339281
dm_lag2,0.9109242371385853
dm_lag3,0.8357107490886407
precip_roll3,0.586102689073987
temp_lag1,0.5337847171520101
month_sin,0.48196246582887475
dm_roll3,0.403624544455361
spi3_lag1,0.2587109884176202
temp_roll3,0.18848002843799072
precip_roll6,0.17153022038755764
dm_roll6,0.1218362953502616
