feature,mean_abs_shap
month_cos,10.756637726357127
dm_lag1,8.21184125702864
precip_lag1,1.8916259922699687
precip_roll12,1.337388405822506
spi6_lag1,1.0881748881071303
dm_lag3,0.862651724810018
dm_lag2,0.7900614196681176
precip_roll3,0.5799859062138651
temp_lag1,0.5234335836916496
month_sin,0.483470104379019
dm_roll3,0.3944005932345
spi3_lag1,0.2808908462805055
temp_roll3,0.1747954637475558
precip_roll6,0.11189379313634741
dm_roll6,0.0938127681195512
