feature,mean_abs_shap
month_cos,10.815544321915779
dm_lag1,8.186581903839517
precip_lag1,1.8945851638179605
precip_roll12,1.4212630247801368
spi6_lag1,1.2326520714907596
dm_lag2,0.9094669827429099
dm_lag3,0.8322757416620455
precip_roll3,0.5857194872827892
temp_lag1,0.5359962896969508
month_sin,0.477359486949638
dm_roll3,0.4071099377590091
spi3_lag1,0.25403551964183696
temp_roll3,0.18629404259229934
precip_roll6,0.18037598871627425
dm_roll6,0.12230887445941284
